-28.96702943,-13.57621292,-33.08546328
-28.96702943,-11.57621292,-33.13365599
-28.96702943,-7.576212924,-40.45103998
-28.96702943,-5.576212924,-37.31029602
-28.96702943,-3.576212924,-34.73254531
-28.96702943,-1.576212924,-34.00795676
-28.96702943,6.423787076,-37.91666294
-26.96702943,-15.57621292,-38.06373935
-26.96702943,-11.57621292,-36.59972741
-26.96702943,-9.576212924,-33.16608816
-26.96702943,-7.576212924,-32.78553098
-26.96702943,-5.576212924,-32.56947646
-26.96702943,-3.576212924,-34.50027179
-26.96702943,-1.576212924,-31.38074447
-26.96702943,4.423787076,-36.09517749
-24.96702943,-15.57621292,-35.69887308
-24.96702943,-9.576212924,-28.61837426
-24.96702943,-7.576212924,-33.04150265
-24.96702943,-5.576212924,-34.22644927
-24.96702943,-3.576212924,-29.94772817
-24.96702943,-1.576212924,-27.33254078
-24.96702943,0.423787076,-35.21476067
-22.96702943,-19.57621292,-42.20596774
-22.96702943,-11.57621292,-29.25337125
-22.96702943,-9.576212924,-33.95924005
-22.96702943,-7.576212924,-30.36425952
-22.96702943,-5.576212924,-31.47147911
-22.96702943,-3.576212924,-28.86123604
-22.96702943,-1.576212924,-25.66479182
-20.96702943,-19.57621292,-42.17413166
-20.96702943,-13.57621292,-25.20422712
-20.96702943,-11.57621292,-30.68243827
-20.96702943,-9.576212924,-30.483122
-20.96702943,-7.576212924,-29.31905017
-20.96702943,-5.576212924,-26.66571698
-20.96702943,-3.576212924,-30.1944223
-20.96702943,-1.576212924,-32.57627493
-20.96702943,0.423787076,-29.61554966
-20.96702943,2.423787076,-28.12479567
-18.96702943,-19.57621292,-39.77001017
-18.96702943,-13.57621292,-31.24611926
-18.96702943,-9.576212924,-23.53916311
-18.96702943,-7.576212924,-26.2693151
-18.96702943,-5.576212924,-26.46886746
-18.96702943,-3.576212924,-23.31930593
-18.96702943,-1.576212924,-24.44778398
-18.96702943,0.423787076,-21.24179201
-16.96702943,-11.57621292,-33.19303872
-16.96702943,-9.576212924,-25.21578065
-16.96702943,-7.576212924,-25.05689015
-16.96702943,-5.576212924,-22.89454459
-16.96702943,-3.576212924,-23.25627729
-16.96702943,-1.576212924,-21.65396904
-16.96702943,0.423787076,-22.7403597
-16.96702943,2.423787076,-20.04480113
-16.96702943,4.423787076,-21.74178458
-14.96702943,-17.57621292,-40.66114405
-14.96702943,-15.57621292,-25.75085262
-14.96702943,-13.57621292,-26.07913057
-14.96702943,-9.576212924,-22.15137061
-14.96702943,-7.576212924,-18.27361417
-14.96702943,-5.576212924,-22.84745829
-14.96702943,-3.576212924,-18.60268919
-14.96702943,0.423787076,-21.68752408
-14.96702943,2.423787076,-20.50658455
-14.96702943,4.423787076,-21.21321243
-12.96702943,-17.57621292,-34.03741211
-12.96702943,-13.57621292,-14.89288305
-12.96702943,-7.576212924,-19.63796294
-12.96702943,-5.576212924,-19.51810306
-12.96702943,-3.576212924,-15.96811111
-12.96702943,-1.576212924,-15.18215262
-12.96702943,0.423787076,-14.38140363
-12.96702943,2.423787076,-16.7019106
-12.96702943,4.423787076,-17.88240867
-12.96702943,6.423787076,-19.738367
-10.96702943,-11.57621292,-16.58420326
-10.96702943,-9.576212924,-18.80015653
-10.96702943,-7.576212924,-18.09663126
-10.96702943,-5.576212924,-14.85950133
-10.96702943,-3.576212924,-13.0768368
-10.96702943,-1.576212924,-12.11588947
-10.96702943,0.423787076,-9.237600461
-10.96702943,2.423787076,-22.62343466
-10.96702943,4.423787076,-13.20970524
-10.96702943,6.423787076,-19.31119494
-8.967029431,-13.57621292,-24.30934711
-8.967029431,-11.57621292,-13.11186309
-8.967029431,-9.576212924,-15.62121732
-8.967029431,-7.576212924,-12.32018912
-8.967029431,-5.576212924,-10.17807465
-8.967029431,-3.576212924,-9.21532318
-8.967029431,-1.576212924,-8.306520122
-8.967029431,0.423787076,-7.941017133
-8.967029431,2.423787076,-7.367084194
-8.967029431,4.423787076,-9.292686864
-8.967029431,6.423787076,-11.06974808
-6.967029431,-9.576212924,-15.63471048
-6.967029431,-7.576212924,-10.24791837
-6.967029431,-5.576212924,-8.189068293
-6.967029431,-3.576212924,-6.734924373
-6.967029431,-1.576212924,-6.307735842
-6.967029431,0.423787076,-6.198971573
-6.967029431,2.423787076,-4.862187611
-4.967029431,-9.576212924,-12.26231275
-4.967029431,-7.576212924,-11.60270297
-4.967029431,-5.576212924,-7.432363577
-4.967029431,-3.576212924,-5.00652188
-4.967029431,-1.576212924,-4.188413474
-4.967029431,0.423787076,-3.141158482
-4.967029431,2.423787076,-2.700624729
-4.967029431,4.423787076,-7.314429975
-4.967029431,6.423787076,-7.097642553
-4.967029431,14.42378708,-17.11482357
-4.967029431,16.42378708,-17.48516486
-2.967029431,-13.57621292,-16.07403272
-2.967029431,-9.576212924,-12.30451288
-2.967029431,-7.576212924,-6.951791942
-2.967029431,-5.576212924,-4.829657304
-2.967029431,-3.576212924,-3.744363039
-2.967029431,-1.576212924,-1.156356394
-2.967029431,0.423787076,-1.051042916
-2.967029431,2.423787076,-1.554895802
-2.967029431,4.423787076,-2.768443619
-2.967029431,6.423787076,-4.698386273
-2.967029431,8.423787076,-6.038753351
-2.967029431,12.42378708,-17.25111301
-2.967029431,14.42378708,-13.66409485
-2.967029431,16.42378708,-15.04469254
-0.967029431,-11.57621292,-11.65118768
-0.967029431,-9.576212924,-8.849670733
-0.967029431,-7.576212924,-7.431174648
-0.967029431,-5.576212924,-4.514981565
-0.967029431,-3.576212924,-1.053941914
-0.967029431,-1.576212924,-0.817952481
-0.967029431,0.423787076,-0.626137982
-0.967029431,2.423787076,-1.05694997
-0.967029431,4.423787076,-2.565593345
-0.967029431,6.423787076,-4.964230344
-0.967029431,8.423787076,-6.802308207
-0.967029431,12.42378708,-17.83151003
-0.967029431,14.42378708,-16.54773612
-0.967029431,16.42378708,-14.72453187
1.032970569,-19.57621292,-23.34261754
1.032970569,-13.57621292,-17.99282447
1.032970569,-11.57621292,-15.3627597
1.032970569,-9.576212924,-10.5168904
1.032970569,-7.576212924,-6.567195517
1.032970569,-5.576212924,-3.70265062
1.032970569,-3.576212924,-1.433680996
1.032970569,-1.576212924,-0.80457031
1.032970569,0.423787076,-0.3910471
1.032970569,2.423787076,-0.820528299
1.032970569,4.423787076,-2.067363312
1.032970569,6.423787076,-4.986758351
1.032970569,8.423787076,-7.393402236
1.032970569,10.42378708,-11.80586416
3.032970569,-19.57621292,-25.15116666
3.032970569,-17.57621292,-23.86128644
3.032970569,-15.57621292,-15.02572861
3.032970569,-13.57621292,-14.12840836
3.032970569,-11.57621292,-15.60961719
3.032970569,-9.576212924,-11.19777675
3.032970569,-7.576212924,-7.179457687
3.032970569,-5.576212924,-4.139637894
3.032970569,-3.576212924,-2.030320046
3.032970569,-1.576212924,-1.484072752
3.032970569,0.423787076,-0.923629989
3.032970569,2.423787076,-1.088648756
3.032970569,4.423787076,-3.41885992
3.032970569,6.423787076,-5.642905948
3.032970569,8.423787076,-7.413074854
3.032970569,14.42378708,-17.24517939
5.032970569,-35.57621292,-41.83363247
5.032970569,-19.57621292,-29.43007294
5.032970569,-17.57621292,-24.46141879
5.032970569,-15.57621292,-19.77908319
5.032970569,-13.57621292,-14.51091339
5.032970569,-11.57621292,-15.62555718
5.032970569,-9.576212924,-13.5606081
5.032970569,-7.576212924,-9.227959935
5.032970569,-5.576212924,-5.175735345
5.032970569,-3.576212924,-3.62711753
5.032970569,-1.576212924,-2.766565792
5.032970569,0.423787076,-2.473017362
5.032970569,2.423787076,-3.470559311
5.032970569,4.423787076,-5.414804748
5.032970569,6.423787076,-7.213553332
5.032970569,8.423787076,-9.742614816
5.032970569,14.42378708,-18.0047607
7.032970569,-27.57621292,-42.9421508
7.032970569,-11.57621292,-16.80872404
7.032970569,-9.576212924,-15.51028861
7.032970569,-7.576212924,-13.31026346
7.032970569,-5.576212924,-9.612298861
7.032970569,-3.576212924,-4.994673882
7.032970569,-1.576212924,-4.717502679
7.032970569,0.423787076,-3.185942563
7.032970569,2.423787076,-4.129063125
7.032970569,4.423787076,-8.323906266
7.032970569,6.423787076,-8.45033828
7.032970569,8.423787076,-12.43349186
7.032970569,12.42378708,-18.15769814
7.032970569,14.42378708,-18.34196077
9.032970569,-25.57621292,-36.60952927
9.032970569,-11.57621292,-20.44813314
9.032970569,-9.576212924,-17.18096852
9.032970569,-7.576212924,-12.02998058
9.032970569,-5.576212924,-11.00295846
9.032970569,-3.576212924,-7.246427553
9.032970569,-1.576212924,-7.597072426
9.032970569,0.423787076,-8.100908551
9.032970569,2.423787076,-8.453517838
9.032970569,8.423787076,-17.00447341
9.032970569,10.42378708,-19.45098628
11.03297057,-15.57621292,-27.36456769
11.03297057,-13.57621292,-23.80163656
11.03297057,-11.57621292,-22.49999977
11.03297057,-9.576212924,-20.62711601
11.03297057,-7.576212924,-15.05551027
11.03297057,-3.576212924,-9.460263036
11.03297057,-1.576212924,-12.47501649
11.03297057,0.423787076,-11.20152843
11.03297057,2.423787076,-10.53623998
11.03297057,4.423787076,-17.88233166
13.03297057,-15.57621292,-28.54830561
13.03297057,-11.57621292,-28.31993456
13.03297057,0.423787076,-13.84450926
13.03297057,2.423787076,-13.25844904
13.03297057,4.423787076,-23.80057716
15.03297057,-1.576212924,-21.66342703
15.03297057,0.423787076,-26.88185709
15.03297057,2.423787076,-23.05453199
15.03297057,6.423787076,-23.85571953
17.03297057,-5.576212924,-31.97303527
17.03297057,-3.576212924,-27.06550078
17.03297057,-1.576212924,-27.76547373
17.03297057,0.423787076,-24.05366436
17.03297057,2.423787076,-22.50514162
17.03297057,4.423787076,-25.09040991
19.03297057,-3.576212924,-28.9144279
19.03297057,-1.576212924,-35.21753317
19.03297057,0.423787076,-27.60266164
19.03297057,2.423787076,-30.4911313
19.03297057,4.423787076,-26.06732127
21.03297057,-5.576212924,-34.71377427
21.03297057,-3.576212924,-34.8448276
21.03297057,-1.576212924,-34.61831794
21.03297057,0.423787076,-30.87104894
21.03297057,2.423787076,-29.92715433
21.03297057,4.423787076,-29.34995369
21.03297057,6.423787076,-29.44345561
21.03297057,8.423787076,-29.97901204
23.03297057,-5.576212924,-35.08273658
23.03297057,-3.576212924,-34.18873282
23.03297057,-1.576212924,-33.40396822
23.03297057,0.423787076,-32.00025696
23.03297057,2.423787076,-30.95640895
23.03297057,4.423787076,-31.31825403
23.03297057,6.423787076,-33.43039994
23.03297057,8.423787076,-33.88382057
23.03297057,12.42378708,-41.09576728
25.03297057,-3.576212924,-28.22855262
25.03297057,-1.576212924,-29.51212742
25.03297057,0.423787076,-32.866344
25.03297057,2.423787076,-29.96440749
25.03297057,4.423787076,-34.05572357
25.03297057,6.423787076,-32.38058484
25.03297057,8.423787076,-27.54012231
25.03297057,10.42378708,-31.88012111
25.03297057,12.42378708,-29.48831969
27.03297057,-7.576212924,-29.88442136
27.03297057,-5.576212924,-27.34026239
27.03297057,-3.576212924,-32.50350459
27.03297057,-1.576212924,-32.47592531
27.03297057,0.423787076,-32.9185084
27.03297057,2.423787076,-33.21463
27.03297057,4.423787076,-34.96080854
27.03297057,6.423787076,-32.73174457
27.03297057,8.423787076,-31.73336398
29.03297057,2.423787076,-36.91370817
29.03297057,4.423787076,-33.83937479
29.03297057,6.423787076,-30.66057527
29.03297057,8.423787076,-32.90562735
29.03297057,10.42378708,-33.84358461
-177.4985451,-25.53668356,-40.12438659
-177.4985451,-20.53668356,-32.33221455
-177.4985451,-15.53668356,-35.45220546
-177.4985451,-10.53668356,-26.07758359
-177.4985451,-5.536683561,-31.49413828
-177.4985451,-0.536683561,-31.3608434
-177.4985451,4.463316439,-35.43470607
-172.4985451,-40.53668356,-31.66792467
-172.4985451,-25.53668356,-45.86584789
-172.4985451,-20.53668356,-38.59808469
-172.4985451,-15.53668356,-32.82910518
-172.4985451,-10.53668356,-30.29361439
-172.4985451,-5.536683561,-31.44018937
-172.4985451,-0.536683561,-31.4028008
-172.4985451,4.463316439,-34.30433226
-167.4985451,-40.53668356,-30.6379796
-167.4985451,-25.53668356,-43.54231276
-167.4985451,-20.53668356,-36.7642837
-167.4985451,-15.53668356,-31.28469982
-167.4985451,-10.53668356,-30.17456965
-167.4985451,-5.536683561,-31.11555539
-167.4985451,-0.536683561,-30.26851867
-167.4985451,4.463316439,-30.88580259
-162.4985451,-25.53668356,-37.45954626
-162.4985451,-20.53668356,-37.86531368
-162.4985451,-15.53668356,-37.27096956
-162.4985451,-10.53668356,-31.88078462
-162.4985451,-5.536683561,-31.44313039
-162.4985451,-0.536683561,-29.14323916
-162.4985451,4.463316439,-26.88551845
-157.4985451,-25.53668356,-34.5102389
-157.4985451,-20.53668356,-35.74663082
-157.4985451,-15.53668356,-32.63525948
-157.4985451,-10.53668356,-33.284003
-157.4985451,-5.536683561,-32.99390467
-157.4985451,-0.536683561,-30.68534559
-157.4985451,4.463316439,-29.38294343
-152.4985451,-45.53668356,-35.43372049
-152.4985451,-30.53668356,-33.95543203
-152.4985451,-20.53668356,-25.39511565
-152.4985451,-15.53668356,-33.0544087
-152.4985451,-10.53668356,-33.122071
-152.4985451,-5.536683561,-32.96264632
-152.4985451,-0.536683561,-31.50708232
-152.4985451,4.463316439,-27.34779384
-147.4985451,-45.53668356,-32.33425426
-147.4985451,-35.53668356,-45.14212624
-147.4985451,-30.53668356,-38.81035442
-147.4985451,-25.53668356,-32.7805291
-147.4985451,-20.53668356,-30.62014479
-147.4985451,-15.53668356,-34.58403772
-147.4985451,-10.53668356,-33.39669276
-147.4985451,-5.536683561,-31.28836116
-147.4985451,-0.536683561,-30.47268465
-147.4985451,4.463316439,-29.58733598
-147.4985451,9.463316439,-31.85110836
-142.4985451,-30.53668356,-43.24238489
-142.4985451,-25.53668356,-33.84432126
-142.4985451,-20.53668356,-31.37467601
-142.4985451,-15.53668356,-34.46015501
-142.4985451,-10.53668356,-33.83448682
-142.4985451,-5.536683561,-28.51192015
-142.4985451,-0.536683561,-33.52256536
-142.4985451,4.463316439,-31.39658239
-137.4985451,-25.53668356,-42.14210874
-137.4985451,-20.53668356,-32.58985524
-137.4985451,-15.53668356,-33.95217746
-137.4985451,-10.53668356,-30.79949754
-137.4985451,-5.536683561,-29.06410644
-137.4985451,-0.536683561,-29.52468733
-137.4985451,4.463316439,-29.93432935
-132.4985451,-30.53668356,-32.74894524
-132.4985451,-25.53668356,-35.04913138
-132.4985451,-20.53668356,-39.13453572
-132.4985451,-15.53668356,-34.68128978
-132.4985451,-10.53668356,-26.65183205
-132.4985451,-5.536683561,-29.04770521
-132.4985451,-0.536683561,-37.22215549
-132.4985451,4.463316439,-30.19378789
-132.4985451,9.463316439,-34.27992995
-127.4985451,-35.53668356,-48.79891447
-127.4985451,-30.53668356,-42.54139896
-127.4985451,-25.53668356,-29.15988764
-127.4985451,-20.53668356,-40.6851534
-127.4985451,-15.53668356,-38.69586758
-127.4985451,-10.53668356,-32.57123787
-127.4985451,-5.536683561,-30.07470058
-127.4985451,-0.536683561,-34.31803302
-122.4985451,-40.53668356,-44.96224001
-122.4985451,-25.53668356,-34.60425459
-122.4985451,-20.53668356,-39.72650479
-122.4985451,-15.53668356,-37.36241986
-122.4985451,-10.53668356,-32.44384845
-122.4985451,-5.536683561,-44.39619426
-122.4985451,4.463316439,-38.68022728
-117.4985451,-30.53668356,-41.58096409
-117.4985451,-25.53668356,-42.95965938
-117.4985451,-20.53668356,-43.48613121
-117.4985451,-15.53668356,-30.14126983
-117.4985451,-10.53668356,-33.17959324
-117.4985451,-5.536683561,-35.89706639
-112.4985451,-40.53668356,-51.59090831
-112.4985451,-25.53668356,-40.84527154
-112.4985451,-20.53668356,-41.85131713
-112.4985451,-15.53668356,-35.02262474
-112.4985451,-10.53668356,-39.71809814
-112.4985451,-5.536683561,-43.36493383
-112.4985451,4.463316439,-33.7503741
-112.4985451,9.463316439,-37.22481938
-112.4985451,14.46331644,-37.71143623
-107.4985451,-25.53668356,-39.49009805
-107.4985451,-20.53668356,-36.83800444
-107.4985451,-15.53668356,-36.57945206
-107.4985451,-10.53668356,-35.47697078
-107.4985451,-5.536683561,-39.19795261
-107.4985451,-0.536683561,-39.00520149
-102.4985451,-25.53668356,-43.33032171
-102.4985451,-20.53668356,-37.0508241
-102.4985451,-15.53668356,-33.54107368
-102.4985451,-10.53668356,-32.24399675
-102.4985451,-5.536683561,-34.14829856
-97.49854506,-25.53668356,-46.04496283
-97.49854506,-20.53668356,-34.37755424
-97.49854506,-15.53668356,-33.65939579
-97.49854506,-10.53668356,-37.06034526
-92.49854506,-25.53668356,-47.15169775
-92.49854506,-20.53668356,-42.98010333
-92.49854506,-15.53668356,-39.83351237
-92.49854506,-10.53668356,-41.41941591
-92.49854506,-5.536683561,-48.85154968
-87.49854506,-35.53668356,-43.02611934
-87.49854506,-25.53668356,-47.41965797
-87.49854506,-20.53668356,-47.4823448
-87.49854506,-15.53668356,-36.72934208
-87.49854506,-10.53668356,-38.60778333
-87.49854506,-0.536683561,-42.41817683
-82.49854506,-35.53668356,-42.21057268
-82.49854506,-30.53668356,-44.31551003
-82.49854506,-25.53668356,-43.35077611
-82.49854506,-20.53668356,-46.35775832
-82.49854506,-15.53668356,-40.67225585
-82.49854506,-10.53668356,-36.17193545
-82.49854506,-5.536683561,-29.08845547
-77.49854506,-30.53668356,-43.48068091
-77.49854506,-25.53668356,-43.93097813
-77.49854506,-20.53668356,-40.06326981
-77.49854506,-15.53668356,-45.04346385
-77.49854506,-10.53668356,-34.8392844
-77.49854506,-5.536683561,-28.69351526
-77.49854506,-0.536683561,-39.69392029
-72.49854506,-30.53668356,-43.62816137
-72.49854506,-25.53668356,-44.22046612
-72.49854506,-20.53668356,-29.6360566
-72.49854506,-15.53668356,-41.98838783
-72.49854506,-10.53668356,-36.70517058
-67.49854506,-35.53668356,-45.29293285
-67.49854506,-25.53668356,-39.85904237
-67.49854506,-20.53668356,-46.47716101
-67.49854506,-15.53668356,-46.08063297
-67.49854506,-10.53668356,-42.69776319
-67.49854506,-5.536683561,-41.93516902
-62.49854506,-35.53668356,-39.56558352
-62.49854506,-30.53668356,-37.96114603
-62.49854506,-25.53668356,-37.59360151
-62.49854506,-20.53668356,-41.16578839
-62.49854506,-15.53668356,-43.0089279
-62.49854506,-10.53668356,-41.13160691
-62.49854506,-5.536683561,-42.43705639
-62.49854506,14.46331644,-42.9525972
-57.49854506,-25.53668356,-44.34732204
-57.49854506,-20.53668356,-42.61146483
-57.49854506,-15.53668356,-41.8697315
-57.49854506,-10.53668356,-41.11818735
-57.49854506,-5.536683561,-41.25028294
-57.49854506,-0.536683561,-39.22117071
-57.49854506,4.463316439,-38.02536845
-57.49854506,9.463316439,-39.51914411
-52.49854506,-35.53668356,-43.49702319
-52.49854506,-25.53668356,-45.12199268
-52.49854506,-20.53668356,-41.4417041
-52.49854506,-15.53668356,-40.26123002
-52.49854506,-10.53668356,-43.84057582
-52.49854506,-5.536683561,-39.5071853
-52.49854506,-0.536683561,-41.89190988
-52.49854506,9.463316439,-46.11727066
52.50145494,-0.536683561,-36.48965777
52.50145494,4.463316439,-36.277067
52.50145494,9.463316439,-38.95454702
52.50145494,14.46331644,-39.18168804
57.50145494,-0.536683561,-37.56827366
57.50145494,4.463316439,-40.37431694
57.50145494,9.463316439,-39.91211008
57.50145494,14.46331644,-41.69585
57.50145494,19.46331644,-38.05152878
62.50145494,-0.536683561,-37.2344141
62.50145494,4.463316439,-40.54584345
62.50145494,9.463316439,-38.59851249
62.50145494,14.46331644,-41.49123272
62.50145494,19.46331644,-38.40135279
67.50145494,-0.536683561,-38.30332613
67.50145494,4.463316439,-39.88758067
67.50145494,9.463316439,-41.02178911
67.50145494,14.46331644,-39.4627124
67.50145494,19.46331644,-39.02846925
72.50145494,-10.53668356,-43.40354308
72.50145494,-0.536683561,-37.20205379
72.50145494,4.463316439,-37.66067712
72.50145494,9.463316439,-39.16052073
72.50145494,14.46331644,-40.55419667
72.50145494,19.46331644,-38.56986152
77.50145494,-10.53668356,-39.96847055
77.50145494,-5.536683561,-39.3776012
77.50145494,-0.536683561,-41.17876044
77.50145494,4.463316439,-41.83630949
77.50145494,9.463316439,-39.77372856
77.50145494,14.46331644,-37.9633031
77.50145494,19.46331644,-40.77913301
82.50145494,-10.53668356,-43.22804532
82.50145494,-0.536683561,-39.3551296
82.50145494,4.463316439,-40.24974715
82.50145494,9.463316439,-39.90028881
82.50145494,14.46331644,-38.88627982
82.50145494,19.46331644,-43.88773835
87.50145494,4.463316439,-43.92826447
87.50145494,9.463316439,-40.67278608
87.50145494,14.46331644,-40.20494818
87.50145494,19.46331644,-40.08890189
87.50145494,24.46331644,-43.6258492
92.50145494,4.463316439,-40.22517766
92.50145494,9.463316439,-38.65960907
92.50145494,19.46331644,-37.82475425
97.50145494,4.463316439,-36.76445507
97.50145494,9.463316439,-40.72243369
97.50145494,14.46331644,-37.77447852
102.5014549,4.463316439,-38.07218708
102.5014549,9.463316439,-36.56828076
102.5014549,14.46331644,-35.55796589
102.5014549,19.46331644,-37.53104523
107.5014549,-0.536683561,-41.68591332
107.5014549,4.463316439,-38.85713584
107.5014549,9.463316439,-39.40969628
107.5014549,14.46331644,-38.52183271
112.5014549,-5.536683561,-41.43022087
112.5014549,-0.536683561,-40.53215855
112.5014549,4.463316439,-42.1536348
112.5014549,9.463316439,-42.53774976
112.5014549,14.46331644,-41.34348574
112.5014549,19.46331644,-39.47183283
117.5014549,-0.536683561,-40.24013635
117.5014549,4.463316439,-40.78619169
117.5014549,9.463316439,-42.90696725
117.5014549,14.46331644,-41.81474609
117.5014549,19.46331644,-39.43222315
122.5014549,4.463316439,-39.35139304
122.5014549,9.463316439,-40.48917839
122.5014549,14.46331644,-44.51385794
122.5014549,19.46331644,-37.52205512
127.5014549,-10.53668356,-37.70462116
127.5014549,-5.536683561,-40.65448473
127.5014549,-0.536683561,-38.18945531
127.5014549,4.463316439,-35.62108111
127.5014549,9.463316439,-39.9511242
132.5014549,-5.536683561,-40.97493515
132.5014549,-0.536683561,-40.93431701
132.5014549,4.463316439,-36.06828795
132.5014549,9.463316439,-39.11370632
132.5014549,14.46331644,-40.70541045
137.5014549,-5.536683561,-26.47436966
137.5014549,-0.536683561,-39.61835768
137.5014549,4.463316439,-39.5191894
137.5014549,9.463316439,-41.07947242
142.5014549,-15.53668356,-36.18312817
142.5014549,-5.536683561,-38.03382748
142.5014549,-0.536683561,-39.5378698
142.5014549,4.463316439,-39.59613651
142.5014549,9.463316439,-44.46900316
147.5014549,-20.53668356,-33.56160848
147.5014549,-15.53668356,-22.07971563
147.5014549,-10.53668356,-27.91027774
147.5014549,-5.536683561,-31.43405194
147.5014549,-0.536683561,-28.79127383
147.5014549,4.463316439,-32.22046982
147.5014549,9.463316439,-40.56277319
152.5014549,-25.53668356,-27.97308326
152.5014549,-20.53668356,-32.4134196
152.5014549,-15.53668356,-40.18786542
152.5014549,-10.53668356,-33.56132501
152.5014549,-5.536683561,-26.5243012
152.5014549,-0.536683561,-31.34425494
152.5014549,4.463316439,-27.35816009
152.5014549,9.463316439,-36.62109503
157.5014549,-25.53668356,-28.93208541
157.5014549,-20.53668356,-32.7911132
157.5014549,-15.53668356,-32.3204115
157.5014549,-10.53668356,-29.79837328
157.5014549,-5.536683561,-31.3602796
157.5014549,-0.536683561,-28.42552475
157.5014549,4.463316439,-31.4447742
157.5014549,9.463316439,-32.09005074
162.5014549,-25.53668356,-40.7777769
162.5014549,-20.53668356,-32.07081153
162.5014549,-15.53668356,-34.36479791
162.5014549,-10.53668356,-27.99004352
162.5014549,-5.536683561,-31.80740746
162.5014549,-0.536683561,-30.48786341
162.5014549,4.463316439,-31.55090934
162.5014549,24.46331644,-23.22856911
167.5014549,-30.53668356,-42.48506991
167.5014549,-20.53668356,-40.38076273
167.5014549,-15.53668356,-36.71930624
167.5014549,-10.53668356,-33.49454399
167.5014549,-5.536683561,-29.77374739
167.5014549,-0.536683561,-29.28626427
167.5014549,4.463316439,-32.49151573
167.5014549,19.46331644,-33.99706762
172.5014549,-25.53668356,-31.95579936
172.5014549,-20.53668356,-39.71760362
172.5014549,-15.53668356,-28.72723572
172.5014549,-10.53668356,-30.62232395
172.5014549,-5.536683561,-27.95404683
172.5014549,-0.536683561,-32.6805571
172.5014549,4.463316439,-34.39450538
177.5014549,-25.53668356,-28.33102623
177.5014549,-20.53668356,-39.53607228
177.5014549,-15.53668356,-38.63852302
177.5014549,-10.53668356,-22.19147603
177.5014549,-5.536683561,-26.58298312
177.5014549,-0.536683561,-31.24524275
177.5014549,4.463316439,-33.81029125
-174.9956059,-43.03668356,-39.13437972
-174.9956059,-33.03668356,-40.53761657
-174.9956059,-23.03668356,-39.34128546
-164.9956059,-43.03668356,-31.32963104
-164.9956059,-33.03668356,-41.32737886
-164.9956059,-23.03668356,-38.47292177
-154.9956059,-43.03668356,-39.59509235
-154.9956059,-33.03668356,-32.61073689
-154.9956059,-23.03668356,-32.79016804
-144.9956059,-43.03668356,-40.64839438
-144.9956059,-33.03668356,-43.89415172
-144.9956059,-23.03668356,-31.19416911
-134.9956059,-43.03668356,-43.34950073
-134.9956059,-33.03668356,-38.23307798
-134.9956059,-23.03668356,-35.04913138
-124.9956059,-43.03668356,-41.58371773
-124.9956059,-33.03668356,-43.74199416
-124.9956059,-23.03668356,-38.09532658
-114.9956059,-63.03668356,-37.27796237
-114.9956059,-53.03668356,-43.52696358
-114.9956059,-43.03668356,-46.80147136
-114.9956059,-33.03668356,-42.7762577
-114.9956059,-23.03668356,-42.25021325
-104.9956059,-73.03668356,-46.91883302
-104.9956059,-63.03668356,-41.42802432
-104.9956059,-43.03668356,-43.3471917
-104.9956059,-33.03668356,-40.91024152
-104.9956059,-23.03668356,-37.88099203
-94.99560592,-73.03668356,-49.3511377
-94.99560592,-63.03668356,-45.27365764
-94.99560592,-53.03668356,-40.95280092
-94.99560592,-43.03668356,-45.18480135
-94.99560592,-33.03668356,-43.89917144
-94.99560592,-23.03668356,-44.83544762
-94.99560592,16.96331644,-46.1417032
-94.99560592,36.96331644,-47.4997234
-84.99560592,-53.03668356,-42.2128735
-84.99560592,-43.03668356,-39.76123259
-84.99560592,-33.03668356,-43.44423385
-84.99560592,-23.03668356,-45.94322884
-74.99560592,-53.03668356,-45.85723472
-74.99560592,-43.03668356,-46.05445971
-74.99560592,-33.03668356,-43.75064477
-74.99560592,-23.03668356,-42.62181012
-64.99560592,-53.03668356,-39.53134824
-64.99560592,-33.03668356,-39.56558352
-64.99560592,-23.03668356,-40.61649895
-54.99560592,-53.03668356,-40.94843816
-54.99560592,-43.03668356,-47.04371543
-54.99560592,-33.03668356,-42.87014128
-54.99560592,-23.03668356,-43.81385886
-54.99560592,26.96331644,-52.08707689
-44.99560592,-43.03668356,-35.30259789
-44.99560592,-33.03668356,-44.39009192
-44.99560592,-23.03668356,-39.53340387
-44.99560592,26.96331644,-41.02022775
-44.99560592,36.96331644,-50.83406317
-34.99560592,-43.03668356,-41.07842777
-34.99560592,-33.03668356,-34.2993872
-34.99560592,-23.03668356,-37.29437189
-34.99560592,36.96331644,-44.62213304
-24.99560592,-73.03668356,-46.29797581
-24.99560592,-33.03668356,-39.94714649
-24.99560592,-23.03668356,-39.06002949
-24.99560592,16.96331644,-31.80356421
-24.99560592,26.96331644,-34.86794025
-24.99560592,46.96331644,-48.28484978
-24.99560592,66.96331644,-38.41359417
-14.99560592,-43.03668356,-51.850708
-14.99560592,-33.03668356,-34.27554658
-14.99560592,-23.03668356,-43.39400555
-14.99560592,26.96331644,-31.99101379
-14.99560592,36.96331644,-38.85724052
-14.99560592,56.96331644,-41.46805312
-14.99560592,66.96331644,-39.43935582
-4.995605922,-33.03668356,-44.0837479
-4.995605922,-23.03668356,-30.26086737
-4.995605922,26.96331644,-32.6095455
-4.995605922,36.96331644,-36.33344417
-4.995605922,46.96331644,-39.51702576
-4.995605922,56.96331644,-35.23122577
-4.995605922,66.96331644,-42.30939022
5.004394078,-53.03668356,-49.82195326
5.004394078,-43.03668356,-49.79088534
5.004394078,-33.03668356,-40.85428298
5.004394078,-23.03668356,-36.60242792
5.004394078,26.96331644,-34.46601867
5.004394078,36.96331644,-35.14444346
5.004394078,46.96331644,-37.82137572
15.00439408,-53.03668356,-42.00868142
15.00439408,-43.03668356,-35.53902293
15.00439408,-33.03668356,-44.35961411
15.00439408,-23.03668356,-39.05150989
15.00439408,26.96331644,-39.21691784
15.00439408,36.96331644,-41.51170781
15.00439408,46.96331644,-41.34661227
15.00439408,56.96331644,-34.79314812
25.00439408,-33.03668356,-43.1549072
25.00439408,-23.03668356,-30.93408536
25.00439408,26.96331644,-31.3596364
35.00439408,-23.03668356,-27.40788358
35.00439408,16.96331644,-35.35538728
35.00439408,26.96331644,-38.47176784
35.00439408,36.96331644,-36.26529541
35.00439408,46.96331644,-37.56855197
45.00439408,16.96331644,-35.00319642
45.00439408,26.96331644,-38.91914306
45.00439408,36.96331644,-39.60568736
45.00439408,66.96331644,-37.45430605
55.00439408,-53.03668356,-42.01763005
55.00439408,16.96331644,-38.88864667
55.00439408,26.96331644,-34.18732152
55.00439408,36.96331644,-39.32035028
55.00439408,46.96331644,-38.63684528
65.00439408,-43.03668356,-50.14165407
65.00439408,-33.03668356,-41.88233532
65.00439408,-23.03668356,-43.24149494
65.00439408,16.96331644,-39.28664868
65.00439408,26.96331644,-39.20814485
75.00439408,-33.03668356,-50.37438945
75.00439408,-23.03668356,-46.21580722
75.00439408,16.96331644,-41.29076037
75.00439408,26.96331644,-38.11957999
75.00439408,36.96331644,-33.23995873
75.00439408,46.96331644,-35.20893876
85.00439408,-43.03668356,-46.33509274
85.00439408,-33.03668356,-45.60226241
85.00439408,16.96331644,-43.11658755
85.00439408,26.96331644,-45.09300673
95.00439408,-23.03668356,-36.0792572
105.0043941,26.96331644,-42.98683588
115.0043941,-43.03668356,-38.19506332
115.0043941,-33.03668356,-40.24890641
115.0043941,-23.03668356,-37.6715638
115.0043941,16.96331644,-41.99489975
115.0043941,26.96331644,-35.93262823
115.0043941,56.96331644,-40.70033924
125.0043941,-53.03668356,-40.5789741
125.0043941,16.96331644,-35.17217228
125.0043941,26.96331644,-42.4123716
135.0043941,-23.03668356,-40.29093485
135.0043941,66.96331644,-33.32198881
145.0043941,-33.03668356,-39.92497715
145.0043941,-23.03668356,-28.58355489
155.0043941,-23.03668356,-29.36838917
155.0043941,36.96331644,-30.0576226
165.0043941,-53.03668356,-48.49179346
165.0043941,-43.03668356,-44.00665882
165.0043941,-33.03668356,-40.93594888
165.0043941,-23.03668356,-38.56360256
165.0043941,26.96331644,-27.07674425
175.0043941,-43.03668356,-34.57751539
175.0043941,-33.03668356,-45.6010408
175.0043941,-23.03668356,-31.80751455
